Date,Time,Air Quality Index,PM2.5,PM10,AQI Category
2024-06-01,04:00:00,144,97.0,155.2,Moderate
2024-06-01,05:00:00,147,98.5,157.6,Moderate
2024-06-01,06:00:00,164,107.0,171.2,Moderate
2024-06-01,07:00:00,217,108.5,173.6,Poor
2024-06-01,08:00:00,217,108.5,173.6,Poor
2024-06-01,09:00:00,159,79.5,127.2,Moderate
2024-06-01,10:00:00,233,116.5,186.4,Poor
2024-06-01,11:00:00,171,85.5,136.8,Moderate
2024-06-01,12:00:00,186,93.0,148.8,Moderate
2024-06-01,13:00:00,237,118.5,189.6,Poor
2024-06-01,14:00:00,220,110.0,176.0,Poor
2024-06-01,15:00:00,238,119.0,190.4,Poor
2024-06-01,16:00:00,238,119.0,190.4,Poor
2024-06-01,17:00:00,162,81.0,129.6,Moderate
2024-06-01,18:00:00,208,104.0,166.4,Poor
2024-06-01,19:00:00,215,107.5,172.0,Poor
2024-06-01,20:00:00,139,94.5,151.2,Moderate
2024-06-01,21:00:00,187,118.5,189.6,Moderate
2024-06-01,22:00:00,146,98.0,156.8,Moderate
2024-06-01,23:00:00,188,119.0,190.4,Moderate
2024-06-01,00:00:00,181,115.5,184.8,Moderate
2024-06-01,01:00:00,137,93.5,149.6,Moderate
2024-06-01,02:00:00,125,87.5,140.0,Moderate
2024-06-01,03:00:00,177,113.5,181.6,Moderate
2024-06-02,04:00:00,172,111.0,177.6,Moderate
2024-06-02,05:00:00,109,79.5,127.2,Moderate
2024-06-02,06:00:00,120,85.0,136.0,Moderate
2024-06-02,07:00:00,230,115.0,184.0,Poor
2024-06-02,08:00:00,219,109.5,175.2,Poor
2024-06-02,09:00:00,229,114.5,183.2,Poor
2024-06-02,10:00:00,197,98.5,157.6,Moderate
2024-06-02,11:00:00,214,107.0,171.2,Poor
2024-06-02,12:00:00,232,116.0,185.6,Poor
2024-06-02,13:00:00,249,124.5,199.2,Poor
2024-06-02,14:00:00,238,119.0,190.4,Poor
2024-06-02,15:00:00,199,99.5,159.2,Moderate
2024-06-02,16:00:00,179,89.5,143.2,Moderate
2024-06-02,17:00:00,169,84.5,135.2,Moderate
2024-06-02,18:00:00,169,84.5,135.2,Moderate
2024-06-02,19:00:00,164,82.0,131.2,Moderate
2024-06-02,20:00:00,139,94.5,151.2,Moderate
2024-06-02,21:00:00,132,91.0,145.6,Moderate
2024-06-02,22:00:00,165,107.5,172.0,Moderate
2024-06-02,23:00:00,109,79.5,127.2,Moderate
2024-06-02,00:00:00,157,103.5,165.6,Moderate
2024-06-02,01:00:00,132,91.0,145.6,Moderate
2024-06-02,02:00:00,131,90.5,144.8,Moderate
2024-06-02,03:00:00,174,112.0,179.2,Moderate
2024-06-03,04:00:00,123,86.5,138.4,Moderate
2024-06-03,05:00:00,135,92.5,148.0,Moderate
2024-06-03,06:00:00,175,112.5,180.0,Moderate
2024-06-03,07:00:00,205,102.5,164.0,Poor
2024-06-03,08:00:00,178,89.0,142.4,Moderate
2024-06-03,09:00:00,184,92.0,147.2,Moderate
2024-06-03,10:00:00,150,75.0,120.0,Moderate
2024-06-03,11:00:00,150,75.0,120.0,Moderate
2024-06-03,12:00:00,186,93.0,148.8,Moderate
2024-06-03,13:00:00,203,101.5,162.4,Poor
2024-06-03,14:00:00,155,77.5,124.0,Moderate
2024-06-03,15:00:00,188,94.0,150.4,Moderate
2024-06-03,16:00:00,167,83.5,133.6,Moderate
2024-06-03,17:00:00,229,114.5,183.2,Poor
2024-06-03,18:00:00,154,77.0,123.2,Moderate
2024-06-03,19:00:00,192,96.0,153.6,Moderate
2024-06-03,20:00:00,158,104.0,166.4,Moderate
2024-06-03,21:00:00,131,90.5,144.8,Moderate
2024-06-03,22:00:00,101,75.5,120.8,Moderate
2024-06-03,23:00:00,165,107.5,172.0,Moderate
2024-06-03,00:00:00,141,95.5,152.8,Moderate
2024-06-03,01:00:00,157,103.5,165.6,Moderate
2024-06-03,02:00:00,135,92.5,148.0,Moderate
2024-06-03,03:00:00,111,80.5,128.8,Moderate
2024-06-04,04:00:00,146,98.0,156.8,Moderate
2024-06-04,05:00:00,182,116.0,185.6,Moderate
2024-06-04,06:00:00,191,120.5,192.8,Moderate
2024-06-04,07:00:00,150,75.0,120.0,Moderate
2024-06-04,08:00:00,164,82.0,131.2,Moderate
2024-06-04,09:00:00,249,124.5,199.2,Poor
2024-06-04,10:00:00,203,101.5,162.4,Poor
2024-06-04,11:00:00,162,81.0,129.6,Moderate
2024-06-04,12:00:00,192,96.0,153.6,Moderate
2024-06-04,13:00:00,234,117.0,187.2,Poor
2024-06-04,14:00:00,225,112.5,180.0,Poor
2024-06-04,15:00:00,218,109.0,174.4,Poor
2024-06-04,16:00:00,156,78.0,124.8,Moderate
2024-06-04,17:00:00,218,109.0,174.4,Poor
2024-06-04,18:00:00,197,98.5,157.6,Moderate
2024-06-04,19:00:00,153,76.5,122.4,Moderate
2024-06-04,20:00:00,176,113.0,180.8,Moderate
2024-06-04,21:00:00,200,125.0,200.0,Moderate
2024-06-04,22:00:00,152,101.0,161.6,Moderate
2024-06-04,23:00:00,178,114.0,182.4,Moderate
2024-06-04,00:00:00,115,82.5,132.0,Moderate
2024-06-04,01:00:00,120,85.0,136.0,Moderate
2024-06-04,02:00:00,199,124.5,199.2,Moderate
2024-06-04,03:00:00,158,104.0,166.4,Moderate
2024-06-05,04:00:00,123,86.5,138.4,Moderate
2024-06-05,05:00:00,179,114.5,183.2,Moderate
2024-06-05,06:00:00,113,81.5,130.4,Moderate
2024-06-05,07:00:00,235,117.5,188.0,Poor
2024-06-05,08:00:00,198,99.0,158.4,Moderate
2024-06-05,09:00:00,199,99.5,159.2,Moderate
2024-06-05,10:00:00,219,109.5,175.2,Poor
2024-06-05,11:00:00,191,95.5,152.8,Moderate
2024-06-05,12:00:00,185,92.5,148.0,Moderate
2024-06-05,13:00:00,214,107.0,171.2,Poor
2024-06-05,14:00:00,245,122.5,196.0,Poor
2024-06-05,15:00:00,219,109.5,175.2,Poor
2024-06-05,16:00:00,244,122.0,195.2,Poor
2024-06-05,17:00:00,150,75.0,120.0,Moderate
2024-06-05,18:00:00,200,100.0,160.0,Moderate
2024-06-05,19:00:00,186,93.0,148.8,Moderate
2024-06-05,20:00:00,134,92.0,147.2,Moderate
2024-06-05,21:00:00,148,99.0,158.4,Moderate
2024-06-05,22:00:00,193,121.5,194.4,Moderate
2024-06-05,23:00:00,103,76.5,122.4,Moderate
2024-06-05,00:00:00,198,124.0,198.4,Moderate
2024-06-05,01:00:00,142,96.0,153.6,Moderate
2024-06-05,02:00:00,177,113.5,181.6,Moderate
2024-06-05,03:00:00,121,85.5,136.8,Moderate
2024-06-06,04:00:00,173,111.5,178.4,Moderate
2024-06-06,05:00:00,100,75.0,120.0,Satisfactory
2024-06-06,06:00:00,110,80.0,128.0,Moderate
2024-06-06,07:00:00,193,96.5,154.4,Moderate
2024-06-06,08:00:00,208,104.0,166.4,Poor
2024-06-06,09:00:00,173,86.5,138.4,Moderate
2024-06-06,10:00:00,209,104.5,167.2,Poor
2024-06-06,11:00:00,152,76.0,121.6,Moderate
2024-06-06,12:00:00,248,124.0,198.4,Poor
2024-06-06,13:00:00,212,106.0,169.6,Poor
2024-06-06,14:00:00,185,92.5,148.0,Moderate
2024-06-06,15:00:00,244,122.0,195.2,Poor
2024-06-06,16:00:00,217,108.5,173.6,Poor
2024-06-06,17:00:00,232,116.0,185.6,Poor
2024-06-06,18:00:00,196,98.0,156.8,Moderate
2024-06-06,19:00:00,249,124.5,199.2,Poor
2024-06-06,20:00:00,120,85.0,136.0,Moderate
2024-06-06,21:00:00,181,115.5,184.8,Moderate
2024-06-06,22:00:00,150,100.0,160.0,Moderate
2024-06-06,23:00:00,127,88.5,141.6,Moderate
2024-06-06,00:00:00,114,82.0,131.2,Moderate
2024-06-06,01:00:00,141,95.5,152.8,Moderate
2024-06-06,02:00:00,158,104.0,166.4,Moderate
2024-06-06,03:00:00,165,107.5,172.0,Moderate
2024-06-07,04:00:00,136,93.0,148.8,Moderate
2024-06-07,05:00:00,110,80.0,128.0,Moderate
2024-06-07,06:00:00,186,118.0,188.8,Moderate
2024-06-07,07:00:00,193,96.5,154.4,Moderate
2024-06-07,08:00:00,161,80.5,128.8,Moderate
2024-06-07,09:00:00,152,76.0,121.6,Moderate
2024-06-07,10:00:00,201,100.5,160.8,Poor
2024-06-07,11:00:00,230,115.0,184.0,Poor
2024-06-07,12:00:00,182,91.0,145.6,Moderate
2024-06-07,13:00:00,204,102.0,163.2,Poor
2024-06-07,14:00:00,150,75.0,120.0,Moderate
2024-06-07,15:00:00,188,94.0,150.4,Moderate
2024-06-07,16:00:00,169,84.5,135.2,Moderate
2024-06-07,17:00:00,196,98.0,156.8,Moderate
2024-06-07,18:00:00,192,96.0,153.6,Moderate
2024-06-07,19:00:00,206,103.0,164.8,Poor
2024-06-07,20:00:00,160,105.0,168.0,Moderate
2024-06-07,21:00:00,177,113.5,181.6,Moderate
2024-06-07,22:00:00,130,90.0,144.0,Moderate
2024-06-07,23:00:00,124,87.0,139.2,Moderate
2024-06-07,00:00:00,102,76.0,121.6,Moderate
2024-06-07,01:00:00,103,76.5,122.4,Moderate
2024-06-07,02:00:00,194,122.0,195.2,Moderate
2024-06-07,03:00:00,198,124.0,198.4,Moderate
2024-06-08,04:00:00,113,81.5,130.4,Moderate
2024-06-08,05:00:00,140,95.0,152.0,Moderate
2024-06-08,06:00:00,172,111.0,177.6,Moderate
2024-06-08,07:00:00,169,84.5,135.2,Moderate
2024-06-08,08:00:00,245,122.5,196.0,Poor
2024-06-08,09:00:00,222,111.0,177.6,Poor
2024-06-08,10:00:00,176,88.0,140.8,Moderate
2024-06-08,11:00:00,216,108.0,172.8,Poor
2024-06-08,12:00:00,202,101.0,161.6,Poor
2024-06-08,13:00:00,217,108.5,173.6,Poor
2024-06-08,14:00:00,211,105.5,168.8,Poor
2024-06-08,15:00:00,164,82.0,131.2,Moderate
2024-06-08,16:00:00,246,123.0,196.8,Poor
2024-06-08,17:00:00,154,77.0,123.2,Moderate
2024-06-08,18:00:00,217,108.5,173.6,Poor
2024-06-08,19:00:00,161,80.5,128.8,Moderate
2024-06-08,20:00:00,186,118.0,188.8,Moderate
2024-06-08,21:00:00,177,113.5,181.6,Moderate
2024-06-08,22:00:00,175,112.5,180.0,Moderate
2024-06-08,23:00:00,156,103.0,164.8,Moderate
2024-06-08,00:00:00,116,83.0,132.8,Moderate
2024-06-08,01:00:00,124,87.0,139.2,Moderate
2024-06-08,02:00:00,129,89.5,143.2,Moderate
2024-06-08,03:00:00,121,85.5,136.8,Moderate
2024-06-09,04:00:00,125,87.5,140.0,Moderate
2024-06-09,05:00:00,180,115.0,184.0,Moderate
2024-06-09,06:00:00,160,105.0,168.0,Moderate
2024-06-09,07:00:00,211,105.5,168.8,Poor
2024-06-09,08:00:00,233,116.5,186.4,Poor
2024-06-09,09:00:00,183,91.5,146.4,Moderate
2024-06-09,10:00:00,182,91.0,145.6,Moderate
2024-06-09,11:00:00,250,125.0,200.0,Poor
2024-06-09,12:00:00,220,110.0,176.0,Poor
2024-06-09,13:00:00,235,117.5,188.0,Poor
2024-06-09,14:00:00,181,90.5,144.8,Moderate
2024-06-09,15:00:00,163,81.5,130.4,Moderate
2024-06-09,16:00:00,221,110.5,176.8,Poor
2024-06-09,17:00:00,206,103.0,164.8,Poor
2024-06-09,18:00:00,174,87.0,139.2,Moderate
2024-06-09,19:00:00,229,114.5,183.2,Poor
2024-06-09,20:00:00,141,95.5,152.8,Moderate
2024-06-09,21:00:00,118,84.0,134.4,Moderate
2024-06-09,22:00:00,140,95.0,152.0,Moderate
2024-06-09,23:00:00,154,102.0,163.2,Moderate
2024-06-09,00:00:00,179,114.5,183.2,Moderate
2024-06-09,01:00:00,111,80.5,128.8,Moderate
2024-06-09,02:00:00,138,94.0,150.4,Moderate
2024-06-09,03:00:00,193,121.5,194.4,Moderate
2024-06-10,04:00:00,101,75.5,120.8,Moderate
2024-06-10,05:00:00,195,122.5,196.0,Moderate
2024-06-10,06:00:00,144,97.0,155.2,Moderate
2024-06-10,07:00:00,238,119.0,190.4,Poor
2024-06-10,08:00:00,174,87.0,139.2,Moderate
2024-06-10,09:00:00,217,108.5,173.6,Poor
2024-06-10,10:00:00,232,116.0,185.6,Poor
2024-06-10,11:00:00,153,76.5,122.4,Moderate
2024-06-10,12:00:00,226,113.0,180.8,Poor
2024-06-10,13:00:00,185,92.5,148.0,Moderate
2024-06-10,14:00:00,236,118.0,188.8,Poor
2024-06-10,15:00:00,211,105.5,168.8,Poor
2024-06-10,16:00:00,219,109.5,175.2,Poor
2024-06-10,17:00:00,237,118.5,189.6,Poor
2024-06-10,18:00:00,193,96.5,154.4,Moderate
2024-06-10,19:00:00,182,91.0,145.6,Moderate
2024-06-10,20:00:00,111,80.5,128.8,Moderate
2024-06-10,21:00:00,184,117.0,187.2,Moderate
2024-06-10,22:00:00,110,80.0,128.0,Moderate
2024-06-10,23:00:00,154,102.0,163.2,Moderate
2024-06-10,00:00:00,137,93.5,149.6,Moderate
2024-06-10,01:00:00,128,89.0,142.4,Moderate
2024-06-10,02:00:00,102,76.0,121.6,Moderate
2024-06-10,03:00:00,127,88.5,141.6,Moderate
2024-06-11,04:00:00,183,116.5,186.4,Moderate
2024-06-11,05:00:00,189,119.5,191.2,Moderate
2024-06-11,06:00:00,123,86.5,138.4,Moderate
2024-06-11,07:00:00,203,101.5,162.4,Poor
2024-06-11,08:00:00,201,100.5,160.8,Poor
2024-06-11,09:00:00,196,98.0,156.8,Moderate
2024-06-11,10:00:00,170,85.0,136.0,Moderate
2024-06-11,11:00:00,203,101.5,162.4,Poor
2024-06-11,12:00:00,179,89.5,143.2,Moderate
2024-06-11,13:00:00,217,108.5,173.6,Poor
2024-06-11,14:00:00,185,92.5,148.0,Moderate
2024-06-11,15:00:00,189,94.5,151.2,Moderate
2024-06-11,16:00:00,159,79.5,127.2,Moderate
2024-06-11,17:00:00,223,111.5,178.4,Poor
2024-06-11,18:00:00,191,95.5,152.8,Moderate
2024-06-11,19:00:00,173,86.5,138.4,Moderate
2024-06-11,20:00:00,103,76.5,122.4,Moderate
2024-06-11,21:00:00,146,98.0,156.8,Moderate
2024-06-11,22:00:00,190,120.0,192.0,Moderate
2024-06-11,23:00:00,150,100.0,160.0,Moderate
2024-06-11,00:00:00,103,76.5,122.4,Moderate
2024-06-11,01:00:00,131,90.5,144.8,Moderate
2024-06-11,02:00:00,109,79.5,127.2,Moderate
2024-06-11,03:00:00,110,80.0,128.0,Moderate
2024-06-12,04:00:00,127,88.5,141.6,Moderate
2024-06-12,05:00:00,145,97.5,156.0,Moderate
2024-06-12,06:00:00,171,110.5,176.8,Moderate
2024-06-12,07:00:00,189,94.5,151.2,Moderate
2024-06-12,08:00:00,211,105.5,168.8,Poor
2024-06-12,09:00:00,235,117.5,188.0,Poor
2024-06-12,10:00:00,247,123.5,197.6,Poor
2024-06-12,11:00:00,194,97.0,155.2,Moderate
2024-06-12,12:00:00,184,92.0,147.2,Moderate
2024-06-12,13:00:00,184,92.0,147.2,Moderate
2024-06-12,14:00:00,238,119.0,190.4,Poor
2024-06-12,15:00:00,183,91.5,146.4,Moderate
2024-06-12,16:00:00,155,77.5,124.0,Moderate
2024-06-12,17:00:00,186,93.0,148.8,Moderate
2024-06-12,18:00:00,150,75.0,120.0,Moderate
2024-06-12,19:00:00,225,112.5,180.0,Poor
2024-06-12,20:00:00,134,92.0,147.2,Moderate
2024-06-12,21:00:00,169,109.5,175.2,Moderate
2024-06-12,22:00:00,153,101.5,162.4,Moderate
2024-06-12,23:00:00,180,115.0,184.0,Moderate
2024-06-12,00:00:00,162,106.0,169.6,Moderate
2024-06-12,01:00:00,108,79.0,126.4,Moderate
2024-06-12,02:00:00,161,105.5,168.8,Moderate
2024-06-12,03:00:00,101,75.5,120.8,Moderate
2024-06-13,04:00:00,181,115.5,184.8,Moderate
2024-06-13,05:00:00,135,92.5,148.0,Moderate
2024-06-13,06:00:00,191,120.5,192.8,Moderate
2024-06-13,07:00:00,190,95.0,152.0,Moderate
2024-06-13,08:00:00,186,93.0,148.8,Moderate
2024-06-13,09:00:00,198,99.0,158.4,Moderate
2024-06-13,10:00:00,175,87.5,140.0,Moderate
2024-06-13,11:00:00,217,108.5,173.6,Poor
2024-06-13,12:00:00,185,92.5,148.0,Moderate
2024-06-13,13:00:00,180,90.0,144.0,Moderate
2024-06-13,14:00:00,179,89.5,143.2,Moderate
2024-06-13,15:00:00,183,91.5,146.4,Moderate
2024-06-13,16:00:00,168,84.0,134.4,Moderate
2024-06-13,17:00:00,167,83.5,133.6,Moderate
2024-06-13,18:00:00,243,121.5,194.4,Poor
2024-06-13,19:00:00,234,117.0,187.2,Poor
2024-06-13,20:00:00,102,76.0,121.6,Moderate
2024-06-13,21:00:00,169,109.5,175.2,Moderate
2024-06-13,22:00:00,112,81.0,129.6,Moderate
2024-06-13,23:00:00,144,97.0,155.2,Moderate
2024-06-13,00:00:00,166,108.0,172.8,Moderate
2024-06-13,01:00:00,191,120.5,192.8,Moderate
2024-06-13,02:00:00,185,117.5,188.0,Moderate
2024-06-13,03:00:00,139,94.5,151.2,Moderate
2024-06-14,04:00:00,139,94.5,151.2,Moderate
2024-06-14,05:00:00,175,112.5,180.0,Moderate
2024-06-14,06:00:00,122,86.0,137.6,Moderate
2024-06-14,07:00:00,180,90.0,144.0,Moderate
2024-06-14,08:00:00,167,83.5,133.6,Moderate
2024-06-14,09:00:00,220,110.0,176.0,Poor
2024-06-14,10:00:00,221,110.5,176.8,Poor
2024-06-14,11:00:00,168,84.0,134.4,Moderate
2024-06-14,12:00:00,242,121.0,193.6,Poor
2024-06-14,13:00:00,193,96.5,154.4,Moderate
2024-06-14,14:00:00,233,116.5,186.4,Poor
2024-06-14,15:00:00,199,99.5,159.2,Moderate
2024-06-14,16:00:00,191,95.5,152.8,Moderate
2024-06-14,17:00:00,243,121.5,194.4,Poor
2024-06-14,18:00:00,196,98.0,156.8,Moderate
2024-06-14,19:00:00,171,85.5,136.8,Moderate
2024-06-14,20:00:00,173,111.5,178.4,Moderate
2024-06-14,21:00:00,189,119.5,191.2,Moderate
2024-06-14,22:00:00,196,123.0,196.8,Moderate
2024-06-14,23:00:00,191,120.5,192.8,Moderate
2024-06-14,00:00:00,173,111.5,178.4,Moderate
2024-06-14,01:00:00,128,89.0,142.4,Moderate
2024-06-14,02:00:00,181,115.5,184.8,Moderate
2024-06-14,03:00:00,158,104.0,166.4,Moderate
2024-06-15,04:00:00,100,75.0,120.0,Satisfactory
2024-06-15,05:00:00,186,118.0,188.8,Moderate
2024-06-15,06:00:00,163,106.5,170.4,Moderate
2024-06-15,07:00:00,166,83.0,132.8,Moderate
2024-06-15,08:00:00,186,93.0,148.8,Moderate
2024-06-15,09:00:00,244,122.0,195.2,Poor
2024-06-15,10:00:00,174,87.0,139.2,Moderate
2024-06-15,11:00:00,213,106.5,170.4,Poor
2024-06-15,12:00:00,217,108.5,173.6,Poor
2024-06-15,13:00:00,201,100.5,160.8,Poor
2024-06-15,14:00:00,158,79.0,126.4,Moderate
2024-06-15,15:00:00,206,103.0,164.8,Poor
2024-06-15,16:00:00,241,120.5,192.8,Poor
2024-06-15,17:00:00,243,121.5,194.4,Poor
2024-06-15,18:00:00,237,118.5,189.6,Poor
2024-06-15,19:00:00,182,91.0,145.6,Moderate
2024-06-15,20:00:00,119,84.5,135.2,Moderate
2024-06-15,21:00:00,172,111.0,177.6,Moderate
2024-06-15,22:00:00,171,110.5,176.8,Moderate
2024-06-15,23:00:00,187,118.5,189.6,Moderate
2024-06-15,00:00:00,113,81.5,130.4,Moderate
2024-06-15,01:00:00,158,104.0,166.4,Moderate
2024-06-15,02:00:00,181,115.5,184.8,Moderate
2024-06-15,03:00:00,155,102.5,164.0,Moderate
2024-06-16,04:00:00,164,107.0,171.2,Moderate
2024-06-16,05:00:00,175,112.5,180.0,Moderate
2024-06-16,06:00:00,192,121.0,193.6,Moderate
2024-06-16,07:00:00,186,93.0,148.8,Moderate
2024-06-16,08:00:00,175,87.5,140.0,Moderate
2024-06-16,09:00:00,182,91.0,145.6,Moderate
2024-06-16,10:00:00,192,96.0,153.6,Moderate
2024-06-16,11:00:00,164,82.0,131.2,Moderate
2024-06-16,12:00:00,236,118.0,188.8,Poor
2024-06-16,13:00:00,178,89.0,142.4,Moderate
2024-06-16,14:00:00,170,85.0,136.0,Moderate
2024-06-16,15:00:00,232,116.0,185.6,Poor
2024-06-16,16:00:00,218,109.0,174.4,Poor
2024-06-16,17:00:00,172,86.0,137.6,Moderate
2024-06-16,18:00:00,249,124.5,199.2,Poor
2024-06-16,19:00:00,233,116.5,186.4,Poor
2024-06-16,20:00:00,107,78.5,125.6,Moderate
2024-06-16,21:00:00,172,111.0,177.6,Moderate
2024-06-16,22:00:00,161,105.5,168.8,Moderate
2024-06-16,23:00:00,113,81.5,130.4,Moderate
2024-06-16,00:00:00,105,77.5,124.0,Moderate
2024-06-16,01:00:00,100,75.0,120.0,Satisfactory
2024-06-16,02:00:00,108,79.0,126.4,Moderate
2024-06-16,03:00:00,179,114.5,183.2,Moderate
2024-06-17,04:00:00,179,114.5,183.2,Moderate
2024-06-17,05:00:00,153,101.5,162.4,Moderate
2024-06-17,06:00:00,111,80.5,128.8,Moderate
2024-06-17,07:00:00,154,77.0,123.2,Moderate
2024-06-17,08:00:00,189,94.5,151.2,Moderate
2024-06-17,09:00:00,242,121.0,193.6,Poor
2024-06-17,10:00:00,195,97.5,156.0,Moderate
2024-06-17,11:00:00,176,88.0,140.8,Moderate
2024-06-17,12:00:00,224,112.0,179.2,Poor
2024-06-17,13:00:00,202,101.0,161.6,Poor
2024-06-17,14:00:00,199,99.5,159.2,Moderate
2024-06-17,15:00:00,241,120.5,192.8,Poor
2024-06-17,16:00:00,201,100.5,160.8,Poor
2024-06-17,17:00:00,249,124.5,199.2,Poor
2024-06-17,18:00:00,168,84.0,134.4,Moderate
2024-06-17,19:00:00,184,92.0,147.2,Moderate
2024-06-17,20:00:00,151,100.5,160.8,Moderate
2024-06-17,21:00:00,130,90.0,144.0,Moderate
2024-06-17,22:00:00,153,101.5,162.4,Moderate
2024-06-17,23:00:00,158,104.0,166.4,Moderate
2024-06-17,00:00:00,143,96.5,154.4,Moderate
2024-06-17,01:00:00,155,102.5,164.0,Moderate
2024-06-17,02:00:00,118,84.0,134.4,Moderate
2024-06-17,03:00:00,145,97.5,156.0,Moderate
2024-06-18,04:00:00,187,118.5,189.6,Moderate
2024-06-18,05:00:00,165,107.5,172.0,Moderate
2024-06-18,06:00:00,170,110.0,176.0,Moderate
2024-06-18,07:00:00,203,101.5,162.4,Poor
2024-06-18,08:00:00,198,99.0,158.4,Moderate
2024-06-18,09:00:00,244,122.0,195.2,Poor
2024-06-18,10:00:00,209,104.5,167.2,Poor
2024-06-18,11:00:00,230,115.0,184.0,Poor
2024-06-18,12:00:00,176,88.0,140.8,Moderate
2024-06-18,13:00:00,185,92.5,148.0,Moderate
2024-06-18,14:00:00,208,104.0,166.4,Poor
2024-06-18,15:00:00,199,99.5,159.2,Moderate
2024-06-18,16:00:00,223,111.5,178.4,Poor
2024-06-18,17:00:00,194,97.0,155.2,Moderate
2024-06-18,18:00:00,163,81.5,130.4,Moderate
2024-06-18,19:00:00,220,110.0,176.0,Poor
2024-06-18,20:00:00,138,94.0,150.4,Moderate
2024-06-18,21:00:00,139,94.5,151.2,Moderate
2024-06-18,22:00:00,108,79.0,126.4,Moderate
2024-06-18,23:00:00,113,81.5,130.4,Moderate
2024-06-18,00:00:00,107,78.5,125.6,Moderate
2024-06-18,01:00:00,180,115.0,184.0,Moderate
2024-06-18,02:00:00,122,86.0,137.6,Moderate
2024-06-18,03:00:00,179,114.5,183.2,Moderate
2024-06-19,04:00:00,189,119.5,191.2,Moderate
2024-06-19,05:00:00,108,79.0,126.4,Moderate
2024-06-19,06:00:00,199,124.5,199.2,Moderate
2024-06-19,07:00:00,156,78.0,124.8,Moderate
2024-06-19,08:00:00,231,115.5,184.8,Poor
2024-06-19,09:00:00,221,110.5,176.8,Poor
2024-06-19,10:00:00,234,117.0,187.2,Poor
2024-06-19,11:00:00,239,119.5,191.2,Poor
2024-06-19,12:00:00,216,108.0,172.8,Poor
2024-06-19,13:00:00,210,105.0,168.0,Poor
2024-06-19,14:00:00,166,83.0,132.8,Moderate
2024-06-19,15:00:00,206,103.0,164.8,Poor
2024-06-19,16:00:00,173,86.5,138.4,Moderate
2024-06-19,17:00:00,174,87.0,139.2,Moderate
2024-06-19,18:00:00,154,77.0,123.2,Moderate
2024-06-19,19:00:00,250,125.0,200.0,Poor
2024-06-19,20:00:00,149,99.5,159.2,Moderate
2024-06-19,21:00:00,187,118.5,189.6,Moderate
2024-06-19,22:00:00,130,90.0,144.0,Moderate
2024-06-19,23:00:00,154,102.0,163.2,Moderate
2024-06-19,00:00:00,125,87.5,140.0,Moderate
2024-06-19,01:00:00,120,85.0,136.0,Moderate
2024-06-19,02:00:00,197,123.5,197.6,Moderate
2024-06-19,03:00:00,157,103.5,165.6,Moderate
2024-06-20,04:00:00,123,86.5,138.4,Moderate
2024-06-20,05:00:00,127,88.5,141.6,Moderate
2024-06-20,06:00:00,129,89.5,143.2,Moderate
2024-06-20,07:00:00,183,91.5,146.4,Moderate
2024-06-20,08:00:00,203,101.5,162.4,Poor
2024-06-20,09:00:00,201,100.5,160.8,Poor
2024-06-20,10:00:00,236,118.0,188.8,Poor
2024-06-20,11:00:00,157,78.5,125.6,Moderate
2024-06-20,12:00:00,159,79.5,127.2,Moderate
2024-06-20,13:00:00,204,102.0,163.2,Poor
2024-06-20,14:00:00,150,75.0,120.0,Moderate
2024-06-20,15:00:00,233,116.5,186.4,Poor
2024-06-20,16:00:00,186,93.0,148.8,Moderate
2024-06-20,17:00:00,231,115.5,184.8,Poor
2024-06-20,18:00:00,170,85.0,136.0,Moderate
2024-06-20,19:00:00,153,76.5,122.4,Moderate
2024-06-20,20:00:00,142,96.0,153.6,Moderate
2024-06-20,21:00:00,165,107.5,172.0,Moderate
2024-06-20,22:00:00,120,85.0,136.0,Moderate
2024-06-20,23:00:00,136,93.0,148.8,Moderate
2024-06-20,00:00:00,168,109.0,174.4,Moderate
2024-06-20,01:00:00,180,115.0,184.0,Moderate
2024-06-20,02:00:00,147,98.5,157.6,Moderate
2024-06-20,03:00:00,110,80.0,128.0,Moderate
2024-06-21,04:00:00,194,122.0,195.2,Moderate
2024-06-21,05:00:00,191,120.5,192.8,Moderate
2024-06-21,06:00:00,143,96.5,154.4,Moderate
2024-06-21,07:00:00,213,106.5,170.4,Poor
2024-06-21,08:00:00,181,90.5,144.8,Moderate
2024-06-21,09:00:00,170,85.0,136.0,Moderate
2024-06-21,10:00:00,220,110.0,176.0,Poor
2024-06-21,11:00:00,159,79.5,127.2,Moderate
2024-06-21,12:00:00,210,105.0,168.0,Poor
2024-06-21,13:00:00,241,120.5,192.8,Poor
2024-06-21,14:00:00,185,92.5,148.0,Moderate
2024-06-21,15:00:00,233,116.5,186.4,Poor
2024-06-21,16:00:00,226,113.0,180.8,Poor
2024-06-21,17:00:00,168,84.0,134.4,Moderate
2024-06-21,18:00:00,224,112.0,179.2,Poor
2024-06-21,19:00:00,248,124.0,198.4,Poor
2024-06-21,20:00:00,197,123.5,197.6,Moderate
2024-06-21,21:00:00,143,96.5,154.4,Moderate
2024-06-21,22:00:00,103,76.5,122.4,Moderate
2024-06-21,23:00:00,112,81.0,129.6,Moderate
2024-06-21,00:00:00,200,125.0,200.0,Moderate
2024-06-21,01:00:00,158,104.0,166.4,Moderate
2024-06-21,02:00:00,101,75.5,120.8,Moderate
2024-06-21,03:00:00,100,75.0,120.0,Satisfactory
2024-06-22,04:00:00,139,94.5,151.2,Moderate
2024-06-22,05:00:00,124,87.0,139.2,Moderate
2024-06-22,06:00:00,158,104.0,166.4,Moderate
2024-06-22,07:00:00,186,93.0,148.8,Moderate
2024-06-22,08:00:00,249,124.5,199.2,Poor
2024-06-22,09:00:00,219,109.5,175.2,Poor
2024-06-22,10:00:00,156,78.0,124.8,Moderate
2024-06-22,11:00:00,153,76.5,122.4,Moderate
2024-06-22,12:00:00,248,124.0,198.4,Poor
2024-06-22,13:00:00,190,95.0,152.0,Moderate
2024-06-22,14:00:00,210,105.0,168.0,Poor
2024-06-22,15:00:00,183,91.5,146.4,Moderate
2024-06-22,16:00:00,178,89.0,142.4,Moderate
2024-06-22,17:00:00,218,109.0,174.4,Poor
2024-06-22,18:00:00,176,88.0,140.8,Moderate
2024-06-22,19:00:00,246,123.0,196.8,Poor
2024-06-22,20:00:00,151,100.5,160.8,Moderate
2024-06-22,21:00:00,173,111.5,178.4,Moderate
2024-06-22,22:00:00,153,101.5,162.4,Moderate
2024-06-22,23:00:00,169,109.5,175.2,Moderate
2024-06-22,00:00:00,133,91.5,146.4,Moderate
2024-06-22,01:00:00,107,78.5,125.6,Moderate
2024-06-22,02:00:00,194,122.0,195.2,Moderate
2024-06-22,03:00:00,172,111.0,177.6,Moderate
2024-06-23,04:00:00,184,117.0,187.2,Moderate
2024-06-23,05:00:00,107,78.5,125.6,Moderate
2024-06-23,06:00:00,167,108.5,173.6,Moderate
2024-06-23,07:00:00,235,117.5,188.0,Poor
2024-06-23,08:00:00,241,120.5,192.8,Poor
2024-06-23,09:00:00,217,108.5,173.6,Poor
2024-06-23,10:00:00,234,117.0,187.2,Poor
2024-06-23,11:00:00,221,110.5,176.8,Poor
2024-06-23,12:00:00,233,116.5,186.4,Poor
2024-06-23,13:00:00,245,122.5,196.0,Poor
2024-06-23,14:00:00,150,75.0,120.0,Moderate
2024-06-23,15:00:00,155,77.5,124.0,Moderate
2024-06-23,16:00:00,241,120.5,192.8,Poor
2024-06-23,17:00:00,180,90.0,144.0,Moderate
2024-06-23,18:00:00,223,111.5,178.4,Poor
2024-06-23,19:00:00,233,116.5,186.4,Poor
2024-06-23,20:00:00,107,78.5,125.6,Moderate
2024-06-23,21:00:00,121,85.5,136.8,Moderate
2024-06-23,22:00:00,192,121.0,193.6,Moderate
2024-06-23,23:00:00,108,79.0,126.4,Moderate
2024-06-23,00:00:00,143,96.5,154.4,Moderate
2024-06-23,01:00:00,146,98.0,156.8,Moderate
2024-06-23,02:00:00,100,75.0,120.0,Satisfactory
2024-06-23,03:00:00,151,100.5,160.8,Moderate
2024-06-24,04:00:00,138,94.0,150.4,Moderate
2024-06-24,05:00:00,189,119.5,191.2,Moderate
2024-06-24,06:00:00,174,112.0,179.2,Moderate
2024-06-24,07:00:00,248,124.0,198.4,Poor
2024-06-24,08:00:00,237,118.5,189.6,Poor
2024-06-24,09:00:00,246,123.0,196.8,Poor
2024-06-24,10:00:00,233,116.5,186.4,Poor
2024-06-24,11:00:00,176,88.0,140.8,Moderate
2024-06-24,12:00:00,228,114.0,182.4,Poor
2024-06-24,13:00:00,182,91.0,145.6,Moderate
2024-06-24,14:00:00,220,110.0,176.0,Poor
2024-06-24,15:00:00,247,123.5,197.6,Poor
2024-06-24,16:00:00,194,97.0,155.2,Moderate
2024-06-24,17:00:00,209,104.5,167.2,Poor
2024-06-24,18:00:00,207,103.5,165.6,Poor
2024-06-24,19:00:00,200,100.0,160.0,Moderate
2024-06-24,20:00:00,145,97.5,156.0,Moderate
2024-06-24,21:00:00,104,77.0,123.2,Moderate
2024-06-24,22:00:00,157,103.5,165.6,Moderate
2024-06-24,23:00:00,193,121.5,194.4,Moderate
2024-06-24,00:00:00,191,120.5,192.8,Moderate
2024-06-24,01:00:00,117,83.5,133.6,Moderate
2024-06-24,02:00:00,135,92.5,148.0,Moderate
2024-06-24,03:00:00,166,108.0,172.8,Moderate
2024-06-25,04:00:00,120,85.0,136.0,Moderate
2024-06-25,05:00:00,145,97.5,156.0,Moderate
2024-06-25,06:00:00,157,103.5,165.6,Moderate
2024-06-25,07:00:00,229,114.5,183.2,Poor
2024-06-25,08:00:00,186,93.0,148.8,Moderate
2024-06-25,09:00:00,212,106.0,169.6,Poor
2024-06-25,10:00:00,154,77.0,123.2,Moderate
2024-06-25,11:00:00,227,113.5,181.6,Poor
2024-06-25,12:00:00,180,90.0,144.0,Moderate
2024-06-25,13:00:00,237,118.5,189.6,Poor
2024-06-25,14:00:00,248,124.0,198.4,Poor
2024-06-25,15:00:00,185,92.5,148.0,Moderate
2024-06-25,16:00:00,223,111.5,178.4,Poor
2024-06-25,17:00:00,240,120.0,192.0,Poor
2024-06-25,18:00:00,205,102.5,164.0,Poor
2024-06-25,19:00:00,176,88.0,140.8,Moderate
2024-06-25,20:00:00,122,86.0,137.6,Moderate
2024-06-25,21:00:00,176,113.0,180.8,Moderate
2024-06-25,22:00:00,179,114.5,183.2,Moderate
2024-06-25,23:00:00,198,124.0,198.4,Moderate
2024-06-25,00:00:00,190,120.0,192.0,Moderate
2024-06-25,01:00:00,151,100.5,160.8,Moderate
2024-06-25,02:00:00,146,98.0,156.8,Moderate
2024-06-25,03:00:00,180,115.0,184.0,Moderate
2024-06-26,04:00:00,161,105.5,168.8,Moderate
2024-06-26,05:00:00,160,105.0,168.0,Moderate
2024-06-26,06:00:00,147,98.5,157.6,Moderate
2024-06-26,07:00:00,150,75.0,120.0,Moderate
2024-06-26,08:00:00,160,80.0,128.0,Moderate
2024-06-26,09:00:00,225,112.5,180.0,Poor
2024-06-26,10:00:00,163,81.5,130.4,Moderate
2024-06-26,11:00:00,221,110.5,176.8,Poor
2024-06-26,12:00:00,244,122.0,195.2,Poor
2024-06-26,13:00:00,156,78.0,124.8,Moderate
2024-06-26,14:00:00,195,97.5,156.0,Moderate
2024-06-26,15:00:00,180,90.0,144.0,Moderate
2024-06-26,16:00:00,165,82.5,132.0,Moderate
2024-06-26,17:00:00,191,95.5,152.8,Moderate
2024-06-26,18:00:00,188,94.0,150.4,Moderate
2024-06-26,19:00:00,203,101.5,162.4,Poor
2024-06-26,20:00:00,143,96.5,154.4,Moderate
2024-06-26,21:00:00,182,116.0,185.6,Moderate
2024-06-26,22:00:00,107,78.5,125.6,Moderate
2024-06-26,23:00:00,192,121.0,193.6,Moderate
2024-06-26,00:00:00,165,107.5,172.0,Moderate
2024-06-26,01:00:00,141,95.5,152.8,Moderate
2024-06-26,02:00:00,166,108.0,172.8,Moderate
2024-06-26,03:00:00,192,121.0,193.6,Moderate
2024-06-27,04:00:00,178,114.0,182.4,Moderate
2024-06-27,05:00:00,191,120.5,192.8,Moderate
2024-06-27,06:00:00,200,125.0,200.0,Moderate
2024-06-27,07:00:00,181,90.5,144.8,Moderate
2024-06-27,08:00:00,243,121.5,194.4,Poor
2024-06-27,09:00:00,200,100.0,160.0,Moderate
2024-06-27,10:00:00,196,98.0,156.8,Moderate
2024-06-27,11:00:00,243,121.5,194.4,Poor
2024-06-27,12:00:00,183,91.5,146.4,Moderate
2024-06-27,13:00:00,162,81.0,129.6,Moderate
2024-06-27,14:00:00,246,123.0,196.8,Poor
2024-06-27,15:00:00,230,115.0,184.0,Poor
2024-06-27,16:00:00,216,108.0,172.8,Poor
2024-06-27,17:00:00,222,111.0,177.6,Poor
2024-06-27,18:00:00,160,80.0,128.0,Moderate
2024-06-27,19:00:00,240,120.0,192.0,Poor
2024-06-27,20:00:00,127,88.5,141.6,Moderate
2024-06-27,21:00:00,156,103.0,164.8,Moderate
2024-06-27,22:00:00,165,107.5,172.0,Moderate
2024-06-27,23:00:00,164,107.0,171.2,Moderate
2024-06-27,00:00:00,169,109.5,175.2,Moderate
2024-06-27,01:00:00,188,119.0,190.4,Moderate
2024-06-27,02:00:00,134,92.0,147.2,Moderate
2024-06-27,03:00:00,179,114.5,183.2,Moderate
2024-06-28,04:00:00,103,76.5,122.4,Moderate
2024-06-28,05:00:00,160,105.0,168.0,Moderate
2024-06-28,06:00:00,137,93.5,149.6,Moderate
2024-06-28,07:00:00,193,96.5,154.4,Moderate
2024-06-28,08:00:00,233,116.5,186.4,Poor
2024-06-28,09:00:00,238,119.0,190.4,Poor
2024-06-28,10:00:00,220,110.0,176.0,Poor
2024-06-28,11:00:00,170,85.0,136.0,Moderate
2024-06-28,12:00:00,156,78.0,124.8,Moderate
2024-06-28,13:00:00,178,89.0,142.4,Moderate
2024-06-28,14:00:00,156,78.0,124.8,Moderate
2024-06-28,15:00:00,216,108.0,172.8,Poor
2024-06-28,16:00:00,242,121.0,193.6,Poor
2024-06-28,17:00:00,242,121.0,193.6,Poor
2024-06-28,18:00:00,219,109.5,175.2,Poor
2024-06-28,19:00:00,223,111.5,178.4,Poor
2024-06-28,20:00:00,200,125.0,200.0,Moderate
2024-06-28,21:00:00,154,102.0,163.2,Moderate
2024-06-28,22:00:00,177,113.5,181.6,Moderate
2024-06-28,23:00:00,121,85.5,136.8,Moderate
2024-06-28,00:00:00,131,90.5,144.8,Moderate
2024-06-28,01:00:00,181,115.5,184.8,Moderate
2024-06-28,02:00:00,135,92.5,148.0,Moderate
2024-06-28,03:00:00,108,79.0,126.4,Moderate
2024-06-29,04:00:00,125,87.5,140.0,Moderate
2024-06-29,05:00:00,121,85.5,136.8,Moderate
2024-06-29,06:00:00,145,97.5,156.0,Moderate
2024-06-29,07:00:00,236,118.0,188.8,Poor
2024-06-29,08:00:00,166,83.0,132.8,Moderate
2024-06-29,09:00:00,175,87.5,140.0,Moderate
2024-06-29,10:00:00,187,93.5,149.6,Moderate
2024-06-29,11:00:00,151,75.5,120.8,Moderate
2024-06-29,12:00:00,155,77.5,124.0,Moderate
2024-06-29,13:00:00,220,110.0,176.0,Poor
2024-06-29,14:00:00,162,81.0,129.6,Moderate
2024-06-29,15:00:00,240,120.0,192.0,Poor
2024-06-29,16:00:00,224,112.0,179.2,Poor
2024-06-29,17:00:00,204,102.0,163.2,Poor
2024-06-29,18:00:00,228,114.0,182.4,Poor
2024-06-29,19:00:00,212,106.0,169.6,Poor
2024-06-29,20:00:00,172,111.0,177.6,Moderate
2024-06-29,21:00:00,171,110.5,176.8,Moderate
2024-06-29,22:00:00,145,97.5,156.0,Moderate
2024-06-29,23:00:00,105,77.5,124.0,Moderate
2024-06-29,00:00:00,147,98.5,157.6,Moderate
2024-06-29,01:00:00,159,104.5,167.2,Moderate
2024-06-29,02:00:00,142,96.0,153.6,Moderate
2024-06-29,03:00:00,167,108.5,173.6,Moderate
2024-06-30,04:00:00,110,80.0,128.0,Moderate
2024-06-30,05:00:00,157,103.5,165.6,Moderate
2024-06-30,06:00:00,191,120.5,192.8,Moderate
2024-06-30,07:00:00,239,119.5,191.2,Poor
2024-06-30,08:00:00,153,76.5,122.4,Moderate
2024-06-30,09:00:00,228,114.0,182.4,Poor
2024-06-30,10:00:00,232,116.0,185.6,Poor
2024-06-30,11:00:00,219,109.5,175.2,Poor
2024-06-30,12:00:00,208,104.0,166.4,Poor
2024-06-30,13:00:00,154,77.0,123.2,Moderate
2024-06-30,14:00:00,167,83.5,133.6,Moderate
2024-06-30,15:00:00,219,109.5,175.2,Poor
2024-06-30,16:00:00,213,106.5,170.4,Poor
2024-06-30,17:00:00,244,122.0,195.2,Poor
2024-06-30,18:00:00,174,87.0,139.2,Moderate
2024-06-30,19:00:00,153,76.5,122.4,Moderate
2024-06-30,20:00:00,169,109.5,175.2,Moderate
2024-06-30,21:00:00,140,95.0,152.0,Moderate
2024-06-30,22:00:00,136,93.0,148.8,Moderate
2024-06-30,23:00:00,158,104.0,166.4,Moderate
2024-06-30,00:00:00,149,99.5,159.2,Moderate
2024-06-30,01:00:00,155,102.5,164.0,Moderate
2024-06-30,02:00:00,124,87.0,139.2,Moderate
2024-06-30,03:00:00,133,91.5,146.4,Moderate
2024-07-01,04:00:00,118,84.0,134.4,Moderate
2024-07-01,05:00:00,197,123.5,197.6,Moderate
2024-07-01,06:00:00,178,114.0,182.4,Moderate
2024-07-01,07:00:00,157,78.5,125.6,Moderate
2024-07-01,08:00:00,203,101.5,162.4,Poor
2024-07-01,09:00:00,196,98.0,156.8,Moderate
2024-07-01,10:00:00,183,91.5,146.4,Moderate
2024-07-01,11:00:00,231,115.5,184.8,Poor
2024-07-01,12:00:00,179,89.5,143.2,Moderate
2024-07-01,13:00:00,162,81.0,129.6,Moderate
2024-07-01,14:00:00,196,98.0,156.8,Moderate
2024-07-01,15:00:00,182,91.0,145.6,Moderate
2024-07-01,16:00:00,184,92.0,147.2,Moderate
2024-07-01,17:00:00,237,118.5,189.6,Poor
2024-07-01,18:00:00,175,87.5,140.0,Moderate
2024-07-01,19:00:00,196,98.0,156.8,Moderate
2024-07-01,20:00:00,152,101.0,161.6,Moderate
2024-07-01,21:00:00,164,107.0,171.2,Moderate
2024-07-01,22:00:00,176,113.0,180.8,Moderate
2024-07-01,23:00:00,173,111.5,178.4,Moderate
2024-07-01,00:00:00,118,84.0,134.4,Moderate
2024-07-01,01:00:00,104,77.0,123.2,Moderate
2024-07-01,02:00:00,107,78.5,125.6,Moderate
2024-07-01,03:00:00,103,76.5,122.4,Moderate
